Epoch,AvgLoss,AvgBCELoss
1,4.127606576597187,0.5525653970913148
2,3.5322960867008693,0.5632422209625513
