Epoch,AvgLoss,AvgBCELoss
1,3.469992508577264,0.3763796623958194
2,3.203497064631918,0.33699695390203727
3,3.123434732789579,0.3300765106211538
4,3.1009976257448613,0.32642599149890567
5,3.0210565551467563,0.32314304437326347
