Epoch,AvgLoss,AvgBCELoss,Precision,Recall,F1_Score,IoU,Dice,ValLoss,ValBCELoss,ValPrecision,ValRecall,ValF1_Score,ValIoU,ValDice
1,4.359289777176134,1.2354973749867801,0.2897571993952214,0.13985398835774523,0.18865290823894496,0.10415061204836781,0.18865290823894496,5.1596120153154645,1.3862366948808942,0.0,0.0,0.0,0.0,0.0
2,4.068042512083876,1.173715666835678,0.34867043798594727,0.2720484944083865,0.30563033524013644,0.18037996170301607,0.30563033524013644,3.8929130452019827,1.1357093461922236,0.3912247667072662,0.25643386096028226,0.3098029521858827,0.18329398491527474,0.3098029521858827
3,3.925443603560842,1.1398525022227188,0.3675633838999275,0.30615449771697606,0.334060253549937,0.20052361092997703,0.334060253549937,3.779091017586844,1.1047514625958035,0.37089035852345964,0.4367645725801117,0.4011410385206014,0.25089207252491613,0.4011410385206014
4,3.8705885091732286,1.1280168356566593,0.38512821920202917,0.32936395011535496,0.35506995604573566,0.21585717724030334,0.35506995604573566,3.7517805644444056,1.1146763571671077,0.5621242381128501,0.12470096833055513,0.20412016378296943,0.11366025703197531,0.20412016378296943
5,3.818754073874704,1.1146553848581067,0.39848223448495074,0.35155951601345237,0.3735531292821997,0.22967435088570667,0.3735531292821997,3.7715709175382344,1.1013088532856532,0.3843880119907399,0.3680713656075033,0.37605278027946454,0.2315671197393837,0.37605278027946454
6,3.7331292536751977,1.0910605029042424,0.41483470216722235,0.37814001805940767,0.39563834197476333,0.24660171850637672,0.39563834197476333,3.7171741689954487,1.1127504050731658,0.5177045630712785,0.132707331908399,0.21126056215236133,0.11810583346145025,0.21126056215236133
7,3.7182227953754623,1.0825937381335373,0.4258209310013089,0.3769718594321086,0.3999101886752406,0.24992983884082334,0.3999101886752406,3.8479326043810165,1.1470695742538997,0.33479517418327986,0.511300474115434,0.40463730462548636,0.2536334250504066,0.40463730462548636
